0,First Name,Last Name,Gender,Country,Age,Date,Id
1,ram,joshi,Female,United States,32,15/10/2017,1562
2,hari,ojha,Female,kathmandu,25,16/08/2016,1582
3,jack,man,Male,France,36,21/05/2015,2587
4,salman,khan,Female,kathmandu,25,15/10/2017,3549
5,kriti,sanon,Female,United States,58,16/08/2016,2468
6,selena,gomez,Male,United States,24,21/05/2015,2554
7,janak,singn,Female,kathmandu,56,15/10/2017,3598
8,suraj,magar,Female,United States,27,16/08/2016,2456
9,sujan,sharma,Female,kathmandu,40,21/05/2015,6548
